Name,Slug,Collection ID,Locale ID,Item ID,Archived,Draft,Created On,Updated On,Published On,Causes Post Image,Causes Single Image,Causes Intro,Causes Summary,Causes Member,Causes Category,Causes Tags,Causes Raised Percentage,Causes Raised Value,Links a los recursos,CTA del link de recursos,Urgent Causes
00 - Monta tu escuela: Todo lo que necesitas saber a nivel logistico,00-monta-tu-escuala-todo-lo-que-necesitas-saber-a-nivel-logistico-3db61a,6813f282d42f347ad12bbe5e,6813f282d42f347ad12bbdf8,681a5117cd797cee40f887b6,false,false,Tue May 06 2025 18:12:39 GMT+0000 (Coordinated Universal Time),Tue May 06 2025 18:15:19 GMT+0000 (Coordinated Universal Time),Tue May 06 2025 18:15:19 GMT+0000 (Coordinated Universal Time),https://cdn.prod.website-files.com/6813f282d42f347ad12bbe1a/681a50cd0cc7ee42ee052b37_6817a040336e9ad6780fdd5a_CleanShot%25202025-05-04%2520at%252019.13.07%25402x.png,,,"<p id="""">Para poder crear tu proyecto Margaret Hamilton allí donde te encuentres, te contamos una serie de pasos que nosotros hemos dado por si puede servirte de guía para impulsar tu propio proyecto Margaret Hamilton.</p><p id="""">‍</p><ul id=""""><li id="""">Entendemos que tiene sentido el proyecto Margaret Hamilton desde la <strong id="""">escuela pública</strong>, pudiendo ofertar esta actividad como una actividad que se desarrolla en el centro por las tardes. Para ello, se deben seguir una serie de instrucciones, rellenar formularios, y seguir un procedimiento estándar. En el caso de la Junta de Andalucía, es el siguiente:</li><li id="""">El primer paso es la <strong id="""">presentación del proyecto al Consejo Escolar</strong>, la aprobación y emisión de un informe favorable para que se realice el mismo para el curso siguiente.</li><li id="""">‍<strong id="""">Autorización de proyectos para la utilización de las instalaciones de los centros docentes públicos fuera del horario escolar</strong> (a presentar antes del 20 de mayo de cada curso escolar): <a href=""https://www.juntadeandalucia.es/servicios/sede/tramites/procedimientos/detalle/10477.html"" id="""">https://www.juntadeandalucia.es/servicios/sede/tramites/procedimientos/detalle/10477.html</a> Este procedimiento administrativo, debe ser aprobado por la Junta de Andalucía. Habla con la dirección de tu centro para acordar si el procedimiento lo envías tú o lo envía el propio centro.</li><li id="""">El procedimiento, deberá estar acompañado por un <strong id="""">proyecto redactado</strong> que recoja los siguientes apartados: La actividad a realizar, su finalidad y desarrollo, la persona o personas físicas responsables, las dependencias, incluidas las instalaciones deportivas a utilizar, así como los días y horas para ello.</li></ul><p id="""">‍</p><p id="""">Este procedimiento nos lleva al siguiente requisito obligatorio:</p><ul id=""""><li id="""">Una <strong id="""">asociación sin ánimo de lucro</strong>, debe ser la titular que presente dicho procedimiento. No sirve una empresa, no sirve una fundación, no sirve un autónomo, no sirve una sociedad. La figura jurídica en Andalucía que puede realizar esto es la de “Asociación sin ánimo de lucro”. Toda la información sobre constitución de la misma puedes encontrarla aquí: <a href=""https://www.juntadeandalucia.es/temas/participacion/asociaciones/asociaciones.html"" id="""">https://www.juntadeandalucia.es/temas/participacion/asociaciones/asociaciones.html</a></li></ul><ul start=""2"" id=""""><li id="""">El siguiente paso, y quizás el más complicado de todo, es <strong id="""">la financiación</strong> de la misma. Pues en nuestra experiencia presente, hemos querido que sea una actividad socialmente igualitaria, y no únicamente para aquellas familias que se lo puedan permitir económicamente. Por lo que la actividad se ha desarrollado en sus primeros dos años de vida, de manera totalmente gratuita para las familias, pero la asociación que la ha impartido, ha recibido fondos para poder contratar a las personas que organizan y gestionan la actividad, seguros de responsabilidad civil y accidentes, cubrir gastos de asesoría, compra de material necesario… Para ello hemos encontrado una plataforma de crowdfunding, que emite certificados válidos oficiales a las personas donantes para desgravarse en la próxima declaración de la renta. De ésta manera se incentiva fundamentalmente a las empresas, pero también a las personas a poder donar al proyecto recibiendo éstas ventajas fiscales. Os dejamos el enlace en cuestión, para que pueda verse nuestra campaña de crowdfunding así como poder explorar la plataforma.&nbsp;</li></ul><p id=""""><a href=""https://www.goteo.org/project/escuela-margaret-hamilton-para-jovenes-promesas"" id="""">https://www.goteo.org/project/escuela-margaret-hamilton-para-jovenes-promesas</a></p><p id="""">‍</p><p id="""">Evidentemente, utilizar la plataforma, conlleva una serie de comisiones, que hay que tener en cuenta a la hora de solicitar la cantidad deseada. Si se desean evitar éstas comisiones, y montar por tu cuenta una campaña de crowdfunding, y poder emitir como asociación, esos certificados oficiales de cara a la hacienda pública, la entidad debe haber sido declarada oficialmente como ENTIDAD DE UTILIDAD PÚBLICA, por el gobierno central, mediante su procedimiento oficial (que tarda en contestar si está aprobado o no, mínimo, un año). Aquí tienes toda la información sobre la utilidad pública:</p><p id=""""><a href=""https://www.interior.gob.es/opencms/es/servicios-al-ciudadano/tramites-y-gestiones/asociaciones/utilidad-publica/solicitud-de-declaracion-de-utilidad-publica/"" id="""">https://www.interior.gob.es/opencms/es/servicios-al-ciudadano/tramites-y-gestiones/asociaciones/utilidad-publica/solicitud-de-declaracion-de-utilidad-publica/</a></p><p id="""">‍</p><ul start=""4"" id=""""><li id="""">Si ya tienes la aprobación del centro educativo, y la financiación, el siguiente paso, es asegurarte de cumplir toda la legalidad en la ejecución, puesto que vas a trabajar con menores de edad, y hay que saber que:</li><li id="""">Las personas que estén en contacto con menores deben entregarte el certificado negativo de Delitos Sexuales: <a href=""https://sede.mjusticia.gob.es/es/tramites/certificado-registro-central"" id="""">https://sede.mjusticia.gob.es/es/tramites/certificado-registro-central</a>‍</li><li id="""">Si las personas que ejecutan el proyecto están contratadas, deberás formalizar un contrato, organizar un control horario del trabajador/a, contratar a una empresa para cumplir la ley de prevención de riesgos laborales, pagar las nóminas y seguros sociales. Para todas éstas obligaciones recomendamos contratar los servicios de una asesoría.</li><li id="""">Si las personas que ejecutan el proyecto son voluntarias, deberás cumplir con la ley de voluntariado, estableciendo un contrato de voluntariado entre otros:</li></ul><p id=""""><a href=""https://www.boe.es/buscar/pdf/2018/BOE-A-2018-6939-consolidado.pdf"" id="""">https://www.boe.es/buscar/pdf/2018/BOE-A-2018-6939-consolidado.pdf</a></p><p id="""">‍</p><ul start=""4"" id=""""><li id="""">Contratación de seguros: Obligatorio, el seguro de responsabilidad civil, aunque como buena práctica, siempre que realizamos actividad con menores de edad, contratemos un seguro de accidentes también.</li><li id="""">Aula de informática. Deberás comprobar si el centro escolar cuenta con una sala de informática acondicionada que podamos utilizar, o en su defecto cuenta con ordenadores portátiles. En ambos casos, es recomendable tener conexión a internet. En este punto, quizás detectes la necesidad de <strong id="""">adquirir materiales</strong>, por ejemplo teclados, ratones, alfombrillas, etc.<strong id="""">‍</strong></li><li id=""""><strong id="""">Organización del alumnado y de la actividad</strong>. Debido a la naturaleza del proyecto abogamos por gestionar el alumnado a partes iguales por edad y sexo. En nuestra experiencia nuestra actividad se desarrolla un día a la semana distribuyendo al alumnado en tres grupos, 1er ciclo, 2º ciclo y 3er ciclo. Cada grupo está compuesto por 5 niñas y 5 niños. Para asegurar la participación, hemos realizado el procedimiento de inscripción a la actividad a la par que las familias deben rellenar la documentación escolar para el próximo curso. De esta manera pueden organizar los horarios de todas las actividades escolares de los y las menores. La actividad se desarrolla de Octubre a Mayo.<strong id="""">‍</strong></li><li id=""""><strong id="""">¿Qué se trabaja y cómo?</strong> Una vez ya tienes todo en regla y preparado para empezar, te preguntarás, bueno y ¿cómo trabajo las competencias de lógica de programación con niños y niñas de primaria? Yo no sé nada de programación ¿podré impartir la actividad? La respuesta es que cualquier persona puede formarse para adquirir los conocimientos necesarios para poder impartir la actividad al alumnado desde 1º a 6º de Primaria. Para ello, hemos elaborado una guía de aprendizaje completísima para que tú mismo o tú misma, puedas formarte en las competencias lógicas de programación.</li></ul><p id="""">‍</p><p id=""""><strong id="""">El material esencial, son videotutoriales libres, abiertos y gratuitos que hemos subido a nuestro canal de Youtube, que te van guiando paso a paso y desde cero para aprender todos los contenidos necesarios.</strong> La plataforma que utilizamos para todo el aprendizaje es <strong id="""">Scratch</strong>, una plataforma pensada especialmente para aprender y dar tus primeros pasos en la programación, de una manera fácil y divertida, pensada especialmente para niños y niñas de primaria. No te dejes llevar, por su aspecto infantil, la profundidad y complejidad que puede alcanzarse con esta herramienta no tiene fin, por lo que te garantiza que puede adaptarse a cualquier nivel.<br><br>Te recomendamos que te formes de la siguiente manera:</p><ul id=""""><li id="""">Lo esencial y primordial, está en Youtube. Ahí es donde tienes que dedicar toda tu energía y las horas de tu formación</li><li id="""">Una vez hayas completado todo el curso de formación, tienes abajo una guía, que funciona como índice de contenidos, donde podrás buscar rápidamente lo que quieras, leer un resumen y hacer click en los enlaces que te interesen.</li></ul><p id="""">‍</p><p id="""">FORMACIÓN COMPLETA EN YOUTUBE:</p><p id=""""><a href=""https://www.youtube.com/playlist?list=PLCZ2i0TjRi2ru8oMZDOITVOXcmQigOues"" id="""">https://www.youtube.com/playlist?list=PLCZ2i0TjRi2ru8oMZDOITVOXcmQigOues</a></p><p id="""">‍</p><p id="""">PERFIL DE SCRATCH CON ACCESO A TODOS LOS PROYECTOS:</p><p id=""""><a href=""https://scratch.mit.edu/users/MargaretHamiltonP/"" id="""">https://scratch.mit.edu/users/MargaretHamiltonP/</a></p><p id="""">Una vez realizada la formación y aprendido a programar en Scratch, <strong id="""">debes programar y secuenciar tus sesiones</strong>. Puedes dejarte guiar por nuestra propuesta y orden de los contenidos presentados en la formación completa de Scratch o puedes hacer la tuya propia cambiando el orden y los contenidos propuestos en nuestra guía. Lo fundamental en este paso, es adaptarte a los niños y niñas de tu clase.No todos los grupos son iguales, y quizás algunos vayan más rápido que otros, o necesitan reforzar una idea en particular durante más tiempo… Ya tienes todo el contenido, ahora solo debes organizarlo y adaptarlo a tus necesidades.</p><p id="""">‍</p>",javier-gonzalez,clases-paso-a-paso,logistica,,,https://docs.google.com/document/d/150QCPHO6dzcsovW1kgSuyHaCoXsPf6kkiHN26SfSq4o/edit?usp=sharing,Accede al documento en Google Docs,false
02 - Domina Scratch: Mover y dirección,02-domina-scratch-mover-y-direccion-3928f6,6813f282d42f347ad12bbe5e,6813f282d42f347ad12bbdf8,681a51190da31e428b20cec3,false,false,Tue May 06 2025 18:12:41 GMT+0000 (Coordinated Universal Time),Tue May 06 2025 18:12:41 GMT+0000 (Coordinated Universal Time),Tue May 06 2025 18:13:11 GMT+0000 (Coordinated Universal Time),https://cdn.prod.website-files.com/6813f282d42f347ad12bbe1a/681a50cd0cc7ee42ee052b37_6817a040336e9ad6780fdd5a_CleanShot%25202025-05-04%2520at%252019.13.07%25402x.png,,,"<figure id="""" class=""w-richtext-figure-type-video w-richtext-align-fullwidth"" style=""padding-bottom:40.723653395784545%"" data-rt-type=""video"" data-rt-align=""fullwidth"" data-rt-max-width="""" data-rt-max-height=""40.723653395784545%"" data-rt-dimensions=""854:580"" data-page-url=""https://youtu.be/A52k2-4m_aM""><div id=""""><iframe allowfullscreen=""true"" frameborder=""0"" scrolling=""no"" src=""https://www.youtube.com/embed/A52k2-4m_aM""></iframe></div></figure><p id="""">‍</p><p id="""">‍<strong id="""">Enlace a la plataforma de Scratch:</strong> <a href=""https://scratch.mit.edu/"" id="""">https://scratch.mit.edu/</a></p>",javier-gonzalez,clases-paso-a-paso,scratch,50%,10000.0,https://youtu.be/CpgBdSyWpk8,Accede a nuestro video en Youtube,false
03 - Domina Scratch: Girar,03-domina-scratch-girar-9108fa,6813f282d42f347ad12bbe5e,6813f282d42f347ad12bbdf8,681a5119d91ae30683ad0f73,false,false,Tue May 06 2025 18:12:41 GMT+0000 (Coordinated Universal Time),Tue May 06 2025 18:12:41 GMT+0000 (Coordinated Universal Time),Tue May 06 2025 18:13:11 GMT+0000 (Coordinated Universal Time),https://cdn.prod.website-files.com/6813f282d42f347ad12bbe1a/681a50cd0cc7ee42ee052b37_6817a040336e9ad6780fdd5a_CleanShot%25202025-05-04%2520at%252019.13.07%25402x.png,,,"<figure id="""" class=""w-richtext-figure-type-video w-richtext-align-fullwidth"" style=""padding-bottom:56.206088992974244%"" data-rt-type=""video"" data-rt-align=""fullwidth"" data-rt-max-width="""" data-rt-max-height=""56.206088992974244%"" data-rt-dimensions=""854:580"" data-page-url=""https://youtu.be/-gy_BKvlLgE""><div id=""""><iframe allowfullscreen=""true"" frameborder=""0"" scrolling=""no"" src=""https://www.youtube.com/embed/-gy_BKvlLgE""></iframe></div></figure><p id="""">‍</p><p id="""">‍<strong id="""">Enlace a la plataforma de Scratch:</strong> <a href=""https://scratch.mit.edu/"" id="""">https://scratch.mit.edu/</a></p>",javier-gonzalez,clases-paso-a-paso,scratch,50%,10000.0,https://youtu.be/-gy_BKvlLgE,Accede a nuestro video en Youtube,false
04 - Domina Scratch: Ir a Bandera Verde,04-domina-scratch-ir-a-bandera-verde-8f90fc,6813f282d42f347ad12bbe5e,6813f282d42f347ad12bbdf8,681a511a26c20ee29056f8c0,false,false,Tue May 06 2025 18:12:42 GMT+0000 (Coordinated Universal Time),Tue May 06 2025 18:12:42 GMT+0000 (Coordinated Universal Time),Tue May 06 2025 18:13:11 GMT+0000 (Coordinated Universal Time),https://cdn.prod.website-files.com/6813f282d42f347ad12bbe1a/681a50cd0cc7ee42ee052b37_6817a040336e9ad6780fdd5a_CleanShot%25202025-05-04%2520at%252019.13.07%25402x.png,,,"<figure id="""" class=""w-richtext-figure-type-video w-richtext-align-fullwidth"" style=""padding-bottom:56.206088992974244%"" data-rt-type=""video"" data-rt-align=""fullwidth"" data-rt-max-width="""" data-rt-max-height=""56.206088992974244%"" data-rt-dimensions=""854:580"" data-page-url=""https://youtu.be/u7UVIY8QVTw""><div id=""""><iframe allowfullscreen=""true"" frameborder=""0"" scrolling=""no"" src=""https://www.youtube.com/embed/u7UVIY8QVTw""></iframe></div></figure><p id="""">‍</p><p id="""">‍<strong id="""">Enlace a la plataforma de Scratch:</strong> <a href=""https://scratch.mit.edu/"" id="""">https://scratch.mit.edu/</a></p>",javier-gonzalez,clases-paso-a-paso,scratch,50%,10000.0,https://youtu.be/u7UVIY8QVTw,Accede a nuestro video en Youtube,false
05 - Domina Scratch: Deslizar,05-domina-scratch-deslizar-956b5b,6813f282d42f347ad12bbe5e,6813f282d42f347ad12bbdf8,681a51198d1fe5353e5d4d52,false,false,Tue May 06 2025 18:12:41 GMT+0000 (Coordinated Universal Time),Tue May 06 2025 18:12:41 GMT+0000 (Coordinated Universal Time),Tue May 06 2025 18:13:11 GMT+0000 (Coordinated Universal Time),https://cdn.prod.website-files.com/6813f282d42f347ad12bbe1a/681a50cd0cc7ee42ee052b37_6817a040336e9ad6780fdd5a_CleanShot%25202025-05-04%2520at%252019.13.07%25402x.png,,,"<figure id="""" class=""w-richtext-figure-type-video w-richtext-align-fullwidth"" style=""padding-bottom:40.723653395784545%"" data-rt-type=""video"" data-rt-align=""fullwidth"" data-rt-max-width="""" data-rt-max-height=""40.723653395784545%"" data-rt-dimensions=""854:580"" data-page-url=""https://youtu.be/0R1N9TEIL2w""><div id=""""><iframe allowfullscreen=""true"" frameborder=""0"" scrolling=""no"" src=""https://www.youtube.com/embed/0R1N9TEIL2w""></iframe></div></figure><p id="""">‍</p><p id="""">‍<strong id="""">Enlace a la plataforma de Scratch:</strong> <a href=""https://scratch.mit.edu/"" id="""">https://scratch.mit.edu/</a></p>",javier-gonzalez,clases-paso-a-paso,scratch,50%,10000.0,https://youtu.be/0R1N9TEIL2w,Accede a nuestro video en Youtube,false
06 - Domina Scratch: Apuntar,06-domina-scratch-apuntar-833398,6813f282d42f347ad12bbe5e,6813f282d42f347ad12bbdf8,681a511912ba31047e5d61f3,false,false,Tue May 06 2025 18:12:41 GMT+0000 (Coordinated Universal Time),Tue May 06 2025 18:12:41 GMT+0000 (Coordinated Universal Time),Tue May 06 2025 18:13:11 GMT+0000 (Coordinated Universal Time),https://cdn.prod.website-files.com/6813f282d42f347ad12bbe1a/681a50cd0cc7ee42ee052b37_6817a040336e9ad6780fdd5a_CleanShot%25202025-05-04%2520at%252019.13.07%25402x.png,,,"<figure id="""" class=""w-richtext-figure-type-video w-richtext-align-fullwidth"" style=""padding-bottom:40.723653395784545%"" data-rt-type=""video"" data-rt-align=""fullwidth"" data-rt-max-width="""" data-rt-max-height=""40.723653395784545%"" data-rt-dimensions=""854:580"" data-page-url=""https://youtu.be/HBDhQuiLbbI""><div id=""""><iframe allowfullscreen=""true"" frameborder=""0"" scrolling=""no"" src=""https://www.youtube.com/embed/HBDhQuiLbbI""></iframe></div></figure><p id="""">‍</p><p id="""">‍<strong id="""">Enlace a la plataforma de Scratch:</strong> <a href=""https://scratch.mit.edu/"" id="""">https://scratch.mit.edu/</a></p>",javier-gonzalez,clases-paso-a-paso,scratch,50%,10000.0,https://youtu.be/HBDhQuiLbbI,Accede a nuestro video en Youtube,false
07 - Domina Scratch: Sumar a X y sumar a Y,07-domina-scratch-sumar-a-x-y-sumar-a-y-d3a972,6813f282d42f347ad12bbe5e,6813f282d42f347ad12bbdf8,681a511b817d376ff04e5ab4,false,false,Tue May 06 2025 18:12:43 GMT+0000 (Coordinated Universal Time),Tue May 06 2025 18:12:43 GMT+0000 (Coordinated Universal Time),Tue May 06 2025 18:13:11 GMT+0000 (Coordinated Universal Time),https://cdn.prod.website-files.com/6813f282d42f347ad12bbe1a/681a50cd0cc7ee42ee052b37_6817a040336e9ad6780fdd5a_CleanShot%25202025-05-04%2520at%252019.13.07%25402x.png,,,"<figure id="""" class=""w-richtext-figure-type-video w-richtext-align-fullwidth"" style=""padding-bottom:56.206088992974244%"" data-rt-type=""video"" data-rt-align=""fullwidth"" data-rt-max-width="""" data-rt-max-height=""56.206088992974244%"" data-rt-dimensions=""854:580"" data-page-url=""https://youtu.be/2r0POYurWR8""><div id=""""><iframe allowfullscreen=""true"" frameborder=""0"" scrolling=""no"" src=""https://www.youtube.com/embed/2r0POYurWR8""></iframe></div></figure><p id="""">‍</p><p id="""">‍<strong id="""">Enlace a la plataforma de Scratch:</strong> <a href=""https://scratch.mit.edu/"" id="""">https://scratch.mit.edu/</a></p>",javier-gonzalez,clases-paso-a-paso,scratch,50%,10000.0,https://youtu.be/2r0POYurWR8,Accede a nuestro video en Youtube,false
08 - Domina Scratch: Fijar estilo de rotación,08-domina-scratch-fijar-estilo-de-rotacion-1aeaf7,6813f282d42f347ad12bbe5e,6813f282d42f347ad12bbdf8,681a511acd797cee40f888f0,false,false,Tue May 06 2025 18:12:42 GMT+0000 (Coordinated Universal Time),Tue May 06 2025 18:12:42 GMT+0000 (Coordinated Universal Time),Tue May 06 2025 18:13:11 GMT+0000 (Coordinated Universal Time),https://cdn.prod.website-files.com/6813f282d42f347ad12bbe1a/681a50cd0cc7ee42ee052b37_6817a040336e9ad6780fdd5a_CleanShot%25202025-05-04%2520at%252019.13.07%25402x.png,,,"<figure id="""" class=""w-richtext-figure-type-video w-richtext-align-fullwidth"" style=""padding-bottom:56.206088992974244%"" data-rt-type=""video"" data-rt-align=""fullwidth"" data-rt-max-width="""" data-rt-max-height=""56.206088992974244%"" data-rt-dimensions=""854:580"" data-page-url=""https://youtu.be/_EPXxXLjbDI""><div id=""""><iframe allowfullscreen=""true"" frameborder=""0"" scrolling=""no"" src=""https://www.youtube.com/embed/_EPXxXLjbDI""></iframe></div></figure><p id="""">‍<strong id="""">Enlace a la plataforma de Scratch:</strong> <a href=""https://scratch.mit.edu/"" id="""">https://scratch.mit.edu/</a></p>",javier-gonzalez,clases-paso-a-paso,scratch,50%,10000.0,https://youtu.be/_EPXxXLjbDI,Accede a nuestro video en Youtube,false
09 - Domina Scratch: Variables de posición y dirección,09-domina-scratch-variables-de-posicion-y-direccion-ecccaf,6813f282d42f347ad12bbe5e,6813f282d42f347ad12bbdf8,681a511c2fbb499f9fc3f54a,false,false,Tue May 06 2025 18:12:44 GMT+0000 (Coordinated Universal Time),Tue May 06 2025 18:12:44 GMT+0000 (Coordinated Universal Time),Tue May 06 2025 18:13:11 GMT+0000 (Coordinated Universal Time),https://cdn.prod.website-files.com/6813f282d42f347ad12bbe1a/681a50cd0cc7ee42ee052b37_6817a040336e9ad6780fdd5a_CleanShot%25202025-05-04%2520at%252019.13.07%25402x.png,,,"<figure id="""" class=""w-richtext-figure-type-video w-richtext-align-fullwidth"" style=""max-width:100%;padding-bottom:56.206088992974244%;width:100%"" data-rt-type=""video"" data-rt-align=""fullwidth"" data-rt-max-width=""100%"" data-rt-max-height=""56.206088992974244%"" data-rt-dimensions=""854:580"" data-page-url=""https://youtu.be/b9PJctTWG5k""><div id=""""><iframe allowfullscreen=""true"" frameborder=""0"" scrolling=""no"" src=""https://www.youtube.com/embed/b9PJctTWG5k""></iframe></div></figure><p id="""">‍<strong id="""">Enlace a la plataforma de Scratch:</strong> <a href=""https://scratch.mit.edu/"" id="""">https://scratch.mit.edu/</a></p>",javier-gonzalez,clases-paso-a-paso,scratch,50%,10000.0,https://youtu.be/b9PJctTWG5k,Accede a nuestro video en Youtube,false
10 - Domina Scratch: Repetir,10-domina-scratch-repetir-1cc3e2,6813f282d42f347ad12bbe5e,6813f282d42f347ad12bbdf8,681a511caf2da436646f46f2,false,false,Tue May 06 2025 18:12:44 GMT+0000 (Coordinated Universal Time),Tue May 06 2025 18:12:44 GMT+0000 (Coordinated Universal Time),Tue May 06 2025 18:13:11 GMT+0000 (Coordinated Universal Time),https://cdn.prod.website-files.com/6813f282d42f347ad12bbe1a/681a50cd0cc7ee42ee052b37_6817a040336e9ad6780fdd5a_CleanShot%25202025-05-04%2520at%252019.13.07%25402x.png,,,"<figure id="""" class=""w-richtext-figure-type-video w-richtext-align-fullwidth"" style=""max-width:100%;padding-bottom:40.723653395784545%;width:100%"" data-rt-type=""video"" data-rt-align=""fullwidth"" data-rt-max-width=""100%"" data-rt-max-height=""40.723653395784545%"" data-rt-dimensions=""854:580"" data-page-url=""https://youtu.be/dw1B4dCmaAw""><div id=""""><iframe allowfullscreen=""true"" frameborder=""0"" scrolling=""no"" src=""https://www.youtube.com/embed/dw1B4dCmaAw""></iframe></div></figure><p id="""">‍<strong id="""">Enlace a la plataforma de Scratch:</strong> <a href=""https://scratch.mit.edu/"" id="""">https://scratch.mit.edu/</a></p>",javier-gonzalez,clases-paso-a-paso,scratch,50%,10000.0,https://youtu.be/dw1B4dCmaAw,Accede a nuestro video en Youtube,false
11 - Domina Scratch: El elemento Por siempre,11-domina-scratch-el-elemento-por-siempre-4d8df1,6813f282d42f347ad12bbe5e,6813f282d42f347ad12bbdf8,681a511b8d1fe5353e5d4e71,false,false,Tue May 06 2025 18:12:43 GMT+0000 (Coordinated Universal Time),Tue May 06 2025 18:12:43 GMT+0000 (Coordinated Universal Time),Tue May 06 2025 18:13:11 GMT+0000 (Coordinated Universal Time),https://cdn.prod.website-files.com/6813f282d42f347ad12bbe1a/681a50cd0cc7ee42ee052b37_6817a040336e9ad6780fdd5a_CleanShot%25202025-05-04%2520at%252019.13.07%25402x.png,,,"<figure id="""" class=""w-richtext-figure-type-video w-richtext-align-fullwidth"" style=""max-width:100%;padding-bottom:40.723653395784545%;width:100%"" data-rt-type=""video"" data-rt-align=""fullwidth"" data-rt-max-width=""100%"" data-rt-max-height=""40.723653395784545%"" data-rt-dimensions=""854:580"" data-page-url=""https://youtu.be/VXPYk7kwXew""><div id=""""><iframe allowfullscreen=""true"" frameborder=""0"" scrolling=""no"" src=""https://www.youtube.com/embed/VXPYk7kwXew""></iframe></div></figure><p id="""">‍<strong id="""">Enlace a la plataforma de Scratch:</strong> <a href=""https://scratch.mit.edu/"" id="""">https://scratch.mit.edu/</a></p>",javier-gonzalez,clases-paso-a-paso,scratch,50%,10000.0,https://youtu.be/VXPYk7kwXew,Accede a nuestro video en Youtube,false
"12 - Domina Scratch: Si toca un borde, rebotar",12-domina-scratch-si-toca-un-borde-rebotar-b2946b,6813f282d42f347ad12bbe5e,6813f282d42f347ad12bbdf8,681a511b9ea7c3d114a161da,false,false,Tue May 06 2025 18:12:43 GMT+0000 (Coordinated Universal Time),Tue May 06 2025 18:12:43 GMT+0000 (Coordinated Universal Time),Tue May 06 2025 18:13:11 GMT+0000 (Coordinated Universal Time),https://cdn.prod.website-files.com/6813f282d42f347ad12bbe1a/681a50cd0cc7ee42ee052b37_6817a040336e9ad6780fdd5a_CleanShot%25202025-05-04%2520at%252019.13.07%25402x.png,,,"<figure id="""" class=""w-richtext-figure-type-video w-richtext-align-fullwidth"" style=""max-width:100%;padding-bottom:40.723653395784545%;width:100%"" data-rt-type=""video"" data-rt-align=""fullwidth"" data-rt-max-width=""100%"" data-rt-max-height=""40.723653395784545%"" data-rt-dimensions=""854:580"" data-page-url=""https://youtu.be/f17JX9S9vKs""><div id=""""><iframe allowfullscreen=""true"" frameborder=""0"" scrolling=""no"" src=""https://www.youtube.com/embed/f17JX9S9vKs""></iframe></div></figure><p id="""">‍<strong id="""">Enlace a la plataforma de Scratch:</strong> <a href=""https://scratch.mit.edu/"" id="""">https://scratch.mit.edu/</a></p>",javier-gonzalez,clases-paso-a-paso,scratch,50%,10000.0,https://youtu.be/f17JX9S9vKs,Accede a nuestro video en Youtube,false
13 - Domina Scratch: Reto   Seguir al puntero del ratón,13-domina-scratch-reto-seguir-al-puntero-del-raton-904a1e,6813f282d42f347ad12bbe5e,6813f282d42f347ad12bbdf8,681a5118f2ed2de68b7ff6f9,false,false,Tue May 06 2025 18:12:40 GMT+0000 (Coordinated Universal Time),Tue May 06 2025 18:12:40 GMT+0000 (Coordinated Universal Time),Tue May 06 2025 18:13:11 GMT+0000 (Coordinated Universal Time),https://cdn.prod.website-files.com/6813f282d42f347ad12bbe1a/681a50cd0cc7ee42ee052b37_6817a040336e9ad6780fdd5a_CleanShot%25202025-05-04%2520at%252019.13.07%25402x.png,,Aprende a programar en Scratch para que tu personaje siga el cursor del ratón. Aprende Scratch de forma sencilla con este tutorial paso a paso.,"<figure id="""" class=""w-richtext-figure-type-video w-richtext-align-fullwidth"" style=""max-width:100%;padding-bottom:40.723653395784545%;width:100%"" data-rt-type=""video"" data-rt-align=""fullwidth"" data-rt-max-width=""100%"" data-rt-max-height=""40.723653395784545%"" data-rt-dimensions=""854:580"" data-page-url=""https://youtu.be/KMevP30iCsk""><div><iframe src=""https://www.youtube.com/embed/KMevP30iCsk"" frameborder=""0"" allowfullscreen=""""></iframe></div></figure><p id="""">Aprende a programar en Scratch para que tu personaje siga el cursor del ratón. Este curso tutorial paso a paso enseña programación creativa en Scratch para aprender conceptos básicos y divertirse creando.</p>",javier-gonzalez,clases-paso-a-paso,,,,https://www.youtube.com/watch?v=KMevP30iCsk,Accede a nuestro video en Youtube,false
13 - Domina Scratch: ¡Haz que tu sprite siga el ratón como un pro!,13-domina-scratch-haz-que-tu-sprite-siga-el-raton-como-un-pro-aedb03,6813f282d42f347ad12bbe5e,6813f282d42f347ad12bbdf8,681a511d99a47dd8a0ac1e0d,false,false,Tue May 06 2025 18:12:45 GMT+0000 (Coordinated Universal Time),Tue May 06 2025 18:12:45 GMT+0000 (Coordinated Universal Time),Tue May 06 2025 18:13:11 GMT+0000 (Coordinated Universal Time),https://cdn.prod.website-files.com/6813f282d42f347ad12bbe1a/681a50cd0cc7ee42ee052b37_6817a040336e9ad6780fdd5a_CleanShot%25202025-05-04%2520at%252019.13.07%25402x.png,,Aprende a programar en Scratch para que tu personaje siga el cursor del ratón. Aprende Scratch de forma sencilla con este tutorial paso a paso.,"<figure id="""" class=""w-richtext-figure-type-video w-richtext-align-fullwidth"" style=""max-width:100%;padding-bottom:40.723653395784545%;width:100%"" data-rt-type=""video"" data-rt-align=""fullwidth"" data-rt-max-width=""100%"" data-rt-max-height=""40.723653395784545%"" data-rt-dimensions=""854:580"" data-page-url=""https://youtu.be/KMevP30iCsk""><div><iframe src=""https://www.youtube.com/embed/KMevP30iCsk"" frameborder=""0"" allowfullscreen=""""></iframe></div></figure><p id="""">Aprende a programar en Scratch para que tu personaje siga el cursor del ratón. Este curso tutorial paso a paso enseña programación creativa en Scratch para aprender conceptos básicos y divertirse creando.</p>",javier-gonzalez,clases-paso-a-paso,,,,https://www.youtube.com/watch?v=KMevP30iCsk,Accede a nuestro video en Youtube,false
14 - Domina Scratch: ¡Apunta con precisión usando Scratch!,14-domina-scratch-apunta-con-precision-usando-scratch-97adc7,6813f282d42f347ad12bbe5e,6813f282d42f347ad12bbdf8,681a511ed844cb5990915f8c,false,false,Tue May 06 2025 18:12:46 GMT+0000 (Coordinated Universal Time),Tue May 06 2025 18:12:46 GMT+0000 (Coordinated Universal Time),Tue May 06 2025 18:13:11 GMT+0000 (Coordinated Universal Time),https://cdn.prod.website-files.com/6813f282d42f347ad12bbe1a/681a50cd0cc7ee42ee052b37_6817a040336e9ad6780fdd5a_CleanShot%25202025-05-04%2520at%252019.13.07%25402x.png,,Descubre cómo hacer que tu sprite apunte directamente al puntero. Aprende Scratch de forma sencilla con este tutorial paso a paso.,"<figure id="""" class=""w-richtext-figure-type-video w-richtext-align-fullwidth"" style=""max-width:100%;padding-bottom:40.723653395784545%;width:100%"" data-rt-type=""video"" data-rt-align=""fullwidth"" data-rt-max-width=""100%"" data-rt-max-height=""40.723653395784545%"" data-rt-dimensions=""854:580"" data-page-url=""https://youtu.be/DQbPcclirZA""><div><iframe src=""https://www.youtube.com/embed/DQbPcclirZA"" frameborder=""0"" allowfullscreen=""""></iframe></div></figure><p id="""">Descubre cómo hacer que tu sprite apunte directamente al puntero. Este curso tutorial paso a paso enseña programación creativa en Scratch para aprender conceptos básicos y divertirse creando.</p>",javier-gonzalez,clases-paso-a-paso,,,,https://www.youtube.com/watch?v=DQbPcclirZA,Accede a nuestro video en Youtube,false
15 - Domina Scratch: ¡Haz que tu sprite siga el ratón como un pro!,15-domina-scratch-haz-que-tu-sprite-siga-el-raton-como-un-pro-b26f6d,6813f282d42f347ad12bbe5e,6813f282d42f347ad12bbdf8,681a511ed9e35f192f2c181f,false,false,Tue May 06 2025 18:12:46 GMT+0000 (Coordinated Universal Time),Tue May 06 2025 18:12:46 GMT+0000 (Coordinated Universal Time),Tue May 06 2025 18:13:11 GMT+0000 (Coordinated Universal Time),https://cdn.prod.website-files.com/6813f282d42f347ad12bbe1a/681a50cd0cc7ee42ee052b37_6817a040336e9ad6780fdd5a_CleanShot%25202025-05-04%2520at%252019.13.07%25402x.png,,Aprende a programar en Scratch para que tu personaje siga el cursor del ratón. Aprende Scratch de forma sencilla con este tutorial paso a paso.,"<figure id="""" class=""w-richtext-figure-type-video w-richtext-align-fullwidth"" style=""max-width:100%;padding-bottom:40.723653395784545%;width:100%"" data-rt-type=""video"" data-rt-align=""fullwidth"" data-rt-max-width=""100%"" data-rt-max-height=""40.723653395784545%"" data-rt-dimensions=""854:580"" data-page-url=""https://youtu.be/js21HGM3Oko""><div><iframe src=""https://www.youtube.com/embed/js21HGM3Oko"" frameborder=""0"" allowfullscreen=""""></iframe></div></figure><p id="""">Aprende a programar en Scratch para que tu personaje siga el cursor del ratón. Este curso tutorial paso a paso enseña programación creativa en Scratch para aprender conceptos básicos y divertirse creando.</p>",javier-gonzalez,clases-paso-a-paso,,,,https://www.youtube.com/watch?v=js21HGM3Oko,Accede a nuestro video en Youtube,false
16 - Domina Scratch: ¡Corre! Aprende a hacer que tu sprite escape,16-domina-scratch-corre-aprende-a-hacer-que-tu-sprite-escape-dc0f22,6813f282d42f347ad12bbe5e,6813f282d42f347ad12bbdf8,681a5121d9e35f192f2c1a20,false,false,Tue May 06 2025 18:12:49 GMT+0000 (Coordinated Universal Time),Tue May 06 2025 18:12:49 GMT+0000 (Coordinated Universal Time),Tue May 06 2025 18:13:11 GMT+0000 (Coordinated Universal Time),https://cdn.prod.website-files.com/6813f282d42f347ad12bbe1a/681a50cd0cc7ee42ee052b37_6817a040336e9ad6780fdd5a_CleanShot%25202025-05-04%2520at%252019.13.07%25402x.png,,Domina el arte de hacer que un personaje huya del puntero en Scratch. Aprende Scratch de forma sencilla con este tutorial paso a paso.,"<figure id="""" class=""w-richtext-figure-type-video w-richtext-align-fullwidth"" style=""max-width:100%;padding-bottom:40.723653395784545%;width:100%"" data-rt-type=""video"" data-rt-align=""fullwidth"" data-rt-max-width=""100%"" data-rt-max-height=""40.723653395784545%"" data-rt-dimensions=""854:580"" data-page-url=""https://youtu.be/3dwMaR2p81M""><div><iframe src=""https://www.youtube.com/embed/3dwMaR2p81M"" frameborder=""0"" allowfullscreen=""""></iframe></div></figure><p id="""">Domina el arte de hacer que un personaje huya del puntero en Scratch. Este curso tutorial paso a paso enseña programación creativa en Scratch para aprender conceptos básicos y divertirse creando.</p>",javier-gonzalez,clases-paso-a-paso,,,,https://www.youtube.com/watch?v=3dwMaR2p81M,Accede a nuestro video en Youtube,false
17 - Domina Scratch: Sensores Tocando,17-domina-scratch-domina-scratch-17-sensores-tocando-a7b3ff,6813f282d42f347ad12bbe5e,6813f282d42f347ad12bbdf8,681a511ea8515fc71a079083,false,false,Tue May 06 2025 18:12:46 GMT+0000 (Coordinated Universal Time),Wed May 07 2025 09:58:23 GMT+0000 (Coordinated Universal Time),Wed May 07 2025 09:58:23 GMT+0000 (Coordinated Universal Time),https://cdn.prod.website-files.com/6813f282d42f347ad12bbe1a/681a50cd0cc7ee42ee052b37_6817a040336e9ad6780fdd5a_CleanShot%25202025-05-04%2520at%252019.13.07%25402x.png,,Explora un nuevo reto de programación creativa con Scratch. Aprende Scratch de forma sencilla con este tutorial paso a paso.,"<figure id="""" class=""w-richtext-figure-type-video w-richtext-align-fullwidth"" style=""max-width:100%;padding-bottom:40.723653395784545%;width:100%"" data-rt-type=""video"" data-rt-align=""fullwidth"" data-rt-max-width=""100%"" data-rt-max-height=""40.723653395784545%"" data-rt-dimensions=""854:580"" data-page-url=""https://youtu.be/tCMya0_Aukk""><div><iframe src=""https://www.youtube.com/embed/tCMya0_Aukk"" frameborder=""0"" allowfullscreen=""""></iframe></div></figure><p id="""">Explora un nuevo reto de programación creativa con Scratch. Este curso tutorial paso a paso enseña programación creativa en Scratch para aprender conceptos básicos y divertirse creando.</p>",javier-gonzalez,clases-paso-a-paso,,,,https://www.youtube.com/watch?v=tCMya0_Aukk,Accede a nuestro video en Youtube,false
18 - Domina Scratch: El parametro - Si... Entonces...,18-domina-scratch-domina-scratch-18-si-entonces-4abd03,6813f282d42f347ad12bbe5e,6813f282d42f347ad12bbdf8,681a511ff7f9eb136b0bd3f4,false,false,Tue May 06 2025 18:12:47 GMT+0000 (Coordinated Universal Time),Wed May 07 2025 09:58:18 GMT+0000 (Coordinated Universal Time),Wed May 07 2025 09:58:18 GMT+0000 (Coordinated Universal Time),https://cdn.prod.website-files.com/6813f282d42f347ad12bbe1a/681a50cd0cc7ee42ee052b37_6817a040336e9ad6780fdd5a_CleanShot%25202025-05-04%2520at%252019.13.07%25402x.png,,Explora un nuevo reto de programación creativa con Scratch. Aprende Scratch de forma sencilla con este tutorial paso a paso.,"<figure id="""" class=""w-richtext-figure-type-video w-richtext-align-fullwidth"" style=""max-width:100%;padding-bottom:40.723653395784545%;width:100%"" data-rt-type=""video"" data-rt-align=""fullwidth"" data-rt-max-width=""100%"" data-rt-max-height=""40.723653395784545%"" data-rt-dimensions=""854:580"" data-page-url=""https://youtu.be/FOvxrWLXg0A""><div><iframe src=""https://www.youtube.com/embed/FOvxrWLXg0A"" frameborder=""0"" allowfullscreen=""""></iframe></div></figure><p id="""">Explora un nuevo reto de programación creativa con Scratch. Este curso tutorial paso a paso enseña programación creativa en Scratch para aprender conceptos básicos y divertirse creando.</p>",javier-gonzalez,clases-paso-a-paso,,,,https://www.youtube.com/watch?v=FOvxrWLXg0A,Accede a nuestro video en Youtube,false
19 - Domina Scratch: ¡Corre! Aprende a hacer que tu sprite escape,19-domina-scratch-corre-aprende-a-hacer-que-tu-sprite-escape-b5a1a7,6813f282d42f347ad12bbe5e,6813f282d42f347ad12bbdf8,681a511faf2da436646f486b,false,false,Tue May 06 2025 18:12:47 GMT+0000 (Coordinated Universal Time),Tue May 06 2025 18:12:47 GMT+0000 (Coordinated Universal Time),Tue May 06 2025 18:13:11 GMT+0000 (Coordinated Universal Time),https://cdn.prod.website-files.com/6813f282d42f347ad12bbe1a/681a50cd0cc7ee42ee052b37_6817a040336e9ad6780fdd5a_CleanShot%25202025-05-04%2520at%252019.13.07%25402x.png,,Domina el arte de hacer que un personaje huya del puntero en Scratch. Aprende Scratch de forma sencilla con este tutorial paso a paso.,"<figure id="""" class=""w-richtext-figure-type-video w-richtext-align-fullwidth"" style=""max-width:100%;padding-bottom:40.723653395784545%;width:100%"" data-rt-type=""video"" data-rt-align=""fullwidth"" data-rt-max-width=""100%"" data-rt-max-height=""40.723653395784545%"" data-rt-dimensions=""854:580"" data-page-url=""https://youtu.be/SaLzAN_6vVA""><div><iframe src=""https://www.youtube.com/embed/SaLzAN_6vVA"" frameborder=""0"" allowfullscreen=""""></iframe></div></figure><p id="""">Domina el arte de hacer que un personaje huya del puntero en Scratch. Este curso tutorial paso a paso enseña programación creativa en Scratch para aprender conceptos básicos y divertirse creando.</p>",javier-gonzalez,clases-paso-a-paso,,,,https://www.youtube.com/watch?v=SaLzAN_6vVA,Accede a nuestro video en Youtube,false
20 - Domina Scratch: El parametro - Esperar hasta que,20-domina-scratch-domina-scratch-20-esperar-hasta-que-f98e76,6813f282d42f347ad12bbe5e,6813f282d42f347ad12bbdf8,681a511e06574bb00a0ee28a,false,false,Tue May 06 2025 18:12:46 GMT+0000 (Coordinated Universal Time),Wed May 07 2025 09:58:36 GMT+0000 (Coordinated Universal Time),Wed May 07 2025 09:58:36 GMT+0000 (Coordinated Universal Time),https://cdn.prod.website-files.com/6813f282d42f347ad12bbe1a/681a50cd0cc7ee42ee052b37_6817a040336e9ad6780fdd5a_CleanShot%25202025-05-04%2520at%252019.13.07%25402x.png,,Explora un nuevo reto de programación creativa con Scratch. Aprende Scratch de forma sencilla con este tutorial paso a paso.,"<figure id="""" class=""w-richtext-figure-type-video w-richtext-align-fullwidth"" style=""max-width:100%;padding-bottom:40.723653395784545%;width:100%"" data-rt-type=""video"" data-rt-align=""fullwidth"" data-rt-max-width=""100%"" data-rt-max-height=""40.723653395784545%"" data-rt-dimensions=""854:580"" data-page-url=""https://youtu.be/dyd9RN6e4H4""><div><iframe src=""https://www.youtube.com/embed/dyd9RN6e4H4"" frameborder=""0"" allowfullscreen=""""></iframe></div></figure><p id="""">Explora un nuevo reto de programación creativa con Scratch. Este curso tutorial paso a paso enseña programación creativa en Scratch para aprender conceptos básicos y divertirse creando.</p>",javier-gonzalez,clases-paso-a-paso,,,,https://www.youtube.com/watch?v=dyd9RN6e4H4,Accede a nuestro video en Youtube,false
21 - Domina Scratch: Repetir hasta que,21-domina-scratch-domina-scratch-21-repetir-hasta-que-d89e41,6813f282d42f347ad12bbe5e,6813f282d42f347ad12bbdf8,681a511fd9e35f192f2c18d3,false,false,Tue May 06 2025 18:12:47 GMT+0000 (Coordinated Universal Time),Wed May 07 2025 09:58:12 GMT+0000 (Coordinated Universal Time),Wed May 07 2025 09:58:12 GMT+0000 (Coordinated Universal Time),https://cdn.prod.website-files.com/6813f282d42f347ad12bbe1a/681a50cd0cc7ee42ee052b37_6817a040336e9ad6780fdd5a_CleanShot%25202025-05-04%2520at%252019.13.07%25402x.png,,Explora un nuevo reto de programación creativa con Scratch. Aprende Scratch de forma sencilla con este tutorial paso a paso.,"<figure id="""" class=""w-richtext-figure-type-video w-richtext-align-fullwidth"" style=""max-width:100%;padding-bottom:40.723653395784545%;width:100%"" data-rt-type=""video"" data-rt-align=""fullwidth"" data-rt-max-width=""100%"" data-rt-max-height=""40.723653395784545%"" data-rt-dimensions=""854:580"" data-page-url=""https://youtu.be/nnPJ0webBoY""><div><iframe src=""https://www.youtube.com/embed/nnPJ0webBoY"" frameborder=""0"" allowfullscreen=""""></iframe></div></figure><p id="""">Explora un nuevo reto de programación creativa con Scratch. Este curso tutorial paso a paso enseña programación creativa en Scratch para aprender conceptos básicos y divertirse creando.</p>",javier-gonzalez,clases-paso-a-paso,,,,https://www.youtube.com/watch?v=nnPJ0webBoY,Accede a nuestro video en Youtube,false
22 - Domina Scratch: Decir y pensar,22-domina-scratch-domina-scratch-22-decir-y-pensar-25c624,6813f282d42f347ad12bbe5e,6813f282d42f347ad12bbdf8,681a51205dcfe6505b1e984b,false,false,Tue May 06 2025 18:12:48 GMT+0000 (Coordinated Universal Time),Wed May 07 2025 09:57:47 GMT+0000 (Coordinated Universal Time),Wed May 07 2025 09:57:47 GMT+0000 (Coordinated Universal Time),https://cdn.prod.website-files.com/6813f282d42f347ad12bbe1a/681a50cd0cc7ee42ee052b37_6817a040336e9ad6780fdd5a_CleanShot%25202025-05-04%2520at%252019.13.07%25402x.png,,Explora un nuevo reto de programación creativa con Scratch. Aprende Scratch de forma sencilla con este tutorial paso a paso.,"<figure id="""" class=""w-richtext-figure-type-video w-richtext-align-fullwidth"" style=""max-width:100%;padding-bottom:40.723653395784545%;width:100%"" data-rt-type=""video"" data-rt-align=""fullwidth"" data-rt-max-width=""100%"" data-rt-max-height=""40.723653395784545%"" data-rt-dimensions=""854:580"" data-page-url=""https://youtu.be/uNS4bnz6ObE""><div><iframe src=""https://www.youtube.com/embed/uNS4bnz6ObE"" frameborder=""0"" allowfullscreen=""""></iframe></div></figure><p id="""">Explora un nuevo reto de programación creativa con Scratch. Este curso tutorial paso a paso enseña programación creativa en Scratch para aprender conceptos básicos y divertirse creando.</p>",javier-gonzalez,clases-paso-a-paso,,,,https://www.youtube.com/watch?v=uNS4bnz6ObE,Accede a nuestro video en Youtube,false
23 - Domina Scratch: Disfraces,23-domina-scratch-domina-scratch-23-disfraces-4cc8a5,6813f282d42f347ad12bbe5e,6813f282d42f347ad12bbdf8,681a511eea5af3d4ace5c179,false,false,Tue May 06 2025 18:12:46 GMT+0000 (Coordinated Universal Time),Wed May 07 2025 09:58:42 GMT+0000 (Coordinated Universal Time),Wed May 07 2025 09:58:42 GMT+0000 (Coordinated Universal Time),https://cdn.prod.website-files.com/6813f282d42f347ad12bbe1a/681a50cd0cc7ee42ee052b37_6817a040336e9ad6780fdd5a_CleanShot%25202025-05-04%2520at%252019.13.07%25402x.png,,Explora un nuevo reto de programación creativa con Scratch. Aprende Scratch de forma sencilla con este tutorial paso a paso.,"<figure id="""" class=""w-richtext-figure-type-video w-richtext-align-fullwidth"" style=""max-width:100%;padding-bottom:40.723653395784545%;width:100%"" data-rt-type=""video"" data-rt-align=""fullwidth"" data-rt-max-width=""100%"" data-rt-max-height=""40.723653395784545%"" data-rt-dimensions=""854:580"" data-page-url=""https://youtu.be/zYhwO9oqof0""><div><iframe src=""https://www.youtube.com/embed/zYhwO9oqof0"" frameborder=""0"" allowfullscreen=""""></iframe></div></figure><p id="""">Explora un nuevo reto de programación creativa con Scratch. Este curso tutorial paso a paso enseña programación creativa en Scratch para aprender conceptos básicos y divertirse creando.</p>",javier-gonzalez,clases-paso-a-paso,,,,https://www.youtube.com/watch?v=zYhwO9oqof0,Accede a nuestro video en Youtube,false
24 - Domina Scratch: Tamaño,24-domina-scratch-domina-scratch-24-tamano-39100c,6813f282d42f347ad12bbe5e,6813f282d42f347ad12bbdf8,681a5120f89efe7104b1693b,false,false,Tue May 06 2025 18:12:48 GMT+0000 (Coordinated Universal Time),Wed May 07 2025 09:58:04 GMT+0000 (Coordinated Universal Time),Wed May 07 2025 09:58:04 GMT+0000 (Coordinated Universal Time),https://cdn.prod.website-files.com/6813f282d42f347ad12bbe1a/681a50cd0cc7ee42ee052b37_6817a040336e9ad6780fdd5a_CleanShot%25202025-05-04%2520at%252019.13.07%25402x.png,,Explora un nuevo reto de programación creativa con Scratch. Aprende Scratch de forma sencilla con este tutorial paso a paso.,"<figure id="""" class=""w-richtext-figure-type-video w-richtext-align-fullwidth"" style=""max-width:100%;padding-bottom:40.723653395784545%;width:100%"" data-rt-type=""video"" data-rt-align=""fullwidth"" data-rt-max-width=""100%"" data-rt-max-height=""40.723653395784545%"" data-rt-dimensions=""854:580"" data-page-url=""https://youtu.be/wU3nd_SBDqY""><div><iframe src=""https://www.youtube.com/embed/wU3nd_SBDqY"" frameborder=""0"" allowfullscreen=""""></iframe></div></figure><p id="""">Explora un nuevo reto de programación creativa con Scratch. Este curso tutorial paso a paso enseña programación creativa en Scratch para aprender conceptos básicos y divertirse creando.</p>",javier-gonzalez,clases-paso-a-paso,,,,https://www.youtube.com/watch?v=wU3nd_SBDqY,Accede a nuestro video en Youtube,false
25 - Domina Scratch: Efectos,25-domina-scratch-domina-scratch-25-efectos-fef3e9,6813f282d42f347ad12bbe5e,6813f282d42f347ad12bbdf8,681a5120f8820479e126b82e,false,false,Tue May 06 2025 18:12:48 GMT+0000 (Coordinated Universal Time),Wed May 07 2025 09:57:56 GMT+0000 (Coordinated Universal Time),Wed May 07 2025 09:57:56 GMT+0000 (Coordinated Universal Time),https://cdn.prod.website-files.com/6813f282d42f347ad12bbe1a/681a50cd0cc7ee42ee052b37_6817a040336e9ad6780fdd5a_CleanShot%25202025-05-04%2520at%252019.13.07%25402x.png,,Explora un nuevo reto de programación creativa con Scratch. Aprende Scratch de forma sencilla con este tutorial paso a paso.,"<figure id="""" class=""w-richtext-figure-type-video w-richtext-align-fullwidth"" style=""max-width:100%;padding-bottom:40.723653395784545%;width:100%"" data-rt-type=""video"" data-rt-align=""fullwidth"" data-rt-max-width=""100%"" data-rt-max-height=""40.723653395784545%"" data-rt-dimensions=""854:580"" data-page-url=""https://youtu.be/4XZnon7ikKg""><div><iframe src=""https://www.youtube.com/embed/4XZnon7ikKg"" frameborder=""0"" allowfullscreen=""""></iframe></div></figure><p id="""">Explora un nuevo reto de programación creativa con Scratch. Este curso tutorial paso a paso enseña programación creativa en Scratch para aprender conceptos básicos y divertirse creando.</p>",javier-gonzalez,clases-paso-a-paso,,,,https://www.youtube.com/watch?v=4XZnon7ikKg,Accede a nuestro video en Youtube,false
26 - Domina Scratch: Mostrar y esconder,26-domina-scratch-domina-scratch-26-mostrar-y-esconder-099e83,6813f282d42f347ad12bbe5e,6813f282d42f347ad12bbdf8,681a51227cdb33419661f60e,false,false,Tue May 06 2025 18:12:50 GMT+0000 (Coordinated Universal Time),Wed May 07 2025 09:57:03 GMT+0000 (Coordinated Universal Time),Wed May 07 2025 09:57:03 GMT+0000 (Coordinated Universal Time),https://cdn.prod.website-files.com/6813f282d42f347ad12bbe1a/681a50cd0cc7ee42ee052b37_6817a040336e9ad6780fdd5a_CleanShot%25202025-05-04%2520at%252019.13.07%25402x.png,,Explora un nuevo reto de programación creativa con Scratch. Aprende Scratch de forma sencilla con este tutorial paso a paso.,"<figure id="""" class=""w-richtext-figure-type-video w-richtext-align-fullwidth"" style=""max-width:100%;padding-bottom:40.723653395784545%;width:100%"" data-rt-type=""video"" data-rt-align=""fullwidth"" data-rt-max-width=""100%"" data-rt-max-height=""40.723653395784545%"" data-rt-dimensions=""854:580"" data-page-url=""https://youtu.be/o9eKwdxd8vA""><div><iframe src=""https://www.youtube.com/embed/o9eKwdxd8vA"" frameborder=""0"" allowfullscreen=""""></iframe></div></figure><p id="""">Explora un nuevo reto de programación creativa con Scratch. Este curso tutorial paso a paso enseña programación creativa en Scratch para aprender conceptos básicos y divertirse creando.</p>",javier-gonzalez,clases-paso-a-paso,,,,https://www.youtube.com/watch?v=o9eKwdxd8vA,Accede a nuestro video en Youtube,false
27 - Domina Scratch: Capas,27-domina-scratch-domina-scratch-27-capas-a1f4cc,6813f282d42f347ad12bbe5e,6813f282d42f347ad12bbdf8,681a5123db1891d5e7fbe5fc,false,false,Tue May 06 2025 18:12:51 GMT+0000 (Coordinated Universal Time),Wed May 07 2025 09:55:30 GMT+0000 (Coordinated Universal Time),Wed May 07 2025 09:55:30 GMT+0000 (Coordinated Universal Time),https://cdn.prod.website-files.com/6813f282d42f347ad12bbe1a/681a50cd0cc7ee42ee052b37_6817a040336e9ad6780fdd5a_CleanShot%25202025-05-04%2520at%252019.13.07%25402x.png,,Explora un nuevo reto de programación creativa con Scratch. Aprende Scratch de forma sencilla con este tutorial paso a paso.,"<figure id="""" class=""w-richtext-figure-type-video w-richtext-align-fullwidth"" style=""max-width:100%;padding-bottom:40.723653395784545%;width:100%"" data-rt-type=""video"" data-rt-align=""fullwidth"" data-rt-max-width=""100%"" data-rt-max-height=""40.723653395784545%"" data-rt-dimensions=""854:580"" data-page-url=""https://youtu.be/PJzKIwjti4k""><div><iframe src=""https://www.youtube.com/embed/PJzKIwjti4k"" frameborder=""0"" allowfullscreen=""""></iframe></div></figure><p id="""">Explora un nuevo reto de programación creativa con Scratch. Este curso tutorial paso a paso enseña programación creativa en Scratch para aprender conceptos básicos y divertirse creando.</p>",javier-gonzalez,clases-paso-a-paso,,,,https://www.youtube.com/watch?v=PJzKIwjti4k,Accede a nuestro video en Youtube,false
28 - Domina Scratch: Variables de apariencia,28-domina-scratch-domina-scratch-28-variables-de-apariencia-3752cc,6813f282d42f347ad12bbe5e,6813f282d42f347ad12bbdf8,681a5122acd3471e52d18164,false,false,Tue May 06 2025 18:12:50 GMT+0000 (Coordinated Universal Time),Wed May 07 2025 09:56:28 GMT+0000 (Coordinated Universal Time),Wed May 07 2025 09:56:28 GMT+0000 (Coordinated Universal Time),https://cdn.prod.website-files.com/6813f282d42f347ad12bbe1a/681a50cd0cc7ee42ee052b37_6817a040336e9ad6780fdd5a_CleanShot%25202025-05-04%2520at%252019.13.07%25402x.png,,Explora un nuevo reto de programación creativa con Scratch. Aprende Scratch de forma sencilla con este tutorial paso a paso.,"<figure id="""" class=""w-richtext-figure-type-video w-richtext-align-fullwidth"" style=""max-width:100%;padding-bottom:40.723653395784545%;width:100%"" data-rt-type=""video"" data-rt-align=""fullwidth"" data-rt-max-width=""100%"" data-rt-max-height=""40.723653395784545%"" data-rt-dimensions=""854:580"" data-page-url=""https://youtu.be/qca1iChpFm8""><div><iframe src=""https://www.youtube.com/embed/qca1iChpFm8"" frameborder=""0"" allowfullscreen=""""></iframe></div></figure><p id="""">Explora un nuevo reto de programación creativa con Scratch. Este curso tutorial paso a paso enseña programación creativa en Scratch para aprender conceptos básicos y divertirse creando.</p>",javier-gonzalez,clases-paso-a-paso,,,,https://www.youtube.com/watch?v=qca1iChpFm8,Accede a nuestro video en Youtube,false
29 - Domina Scratch: Duplicar un proyecto o hacer una copia de seguridad,29-domina-scratch-domina-scratch-29-duplicar-un-proyecto-o-hacer-una-copia-de-seguridad-51aecf,6813f282d42f347ad12bbe5e,6813f282d42f347ad12bbdf8,681a512044109d88571afe6f,false,false,Tue May 06 2025 18:12:48 GMT+0000 (Coordinated Universal Time),Wed May 07 2025 09:57:41 GMT+0000 (Coordinated Universal Time),Wed May 07 2025 09:57:41 GMT+0000 (Coordinated Universal Time),https://cdn.prod.website-files.com/6813f282d42f347ad12bbe1a/681a50cd0cc7ee42ee052b37_6817a040336e9ad6780fdd5a_CleanShot%25202025-05-04%2520at%252019.13.07%25402x.png,,Explora un nuevo reto de programación creativa con Scratch. Aprende Scratch de forma sencilla con este tutorial paso a paso.,"<figure id="""" class=""w-richtext-figure-type-video w-richtext-align-fullwidth"" style=""max-width:100%;padding-bottom:40.723653395784545%;width:100%"" data-rt-type=""video"" data-rt-align=""fullwidth"" data-rt-max-width=""100%"" data-rt-max-height=""40.723653395784545%"" data-rt-dimensions=""854:580"" data-page-url=""https://youtu.be/GDdwIBwg2hE""><div><iframe src=""https://www.youtube.com/embed/GDdwIBwg2hE"" frameborder=""0"" allowfullscreen=""""></iframe></div></figure><p id="""">Explora un nuevo reto de programación creativa con Scratch. Este curso tutorial paso a paso enseña programación creativa en Scratch para aprender conceptos básicos y divertirse creando.</p>",javier-gonzalez,clases-paso-a-paso,,,,https://www.youtube.com/watch?v=GDdwIBwg2hE,Accede a nuestro video en Youtube,false
30 - Domina Scratch: Al presionar la tecla,30-domina-scratch-domina-scratch-30-al-presionar-la-tecla-91b016,6813f282d42f347ad12bbe5e,6813f282d42f347ad12bbdf8,681a5122311d944283744405,false,false,Tue May 06 2025 18:12:50 GMT+0000 (Coordinated Universal Time),Wed May 07 2025 09:55:36 GMT+0000 (Coordinated Universal Time),Wed May 07 2025 09:55:36 GMT+0000 (Coordinated Universal Time),https://cdn.prod.website-files.com/6813f282d42f347ad12bbe1a/681a50cd0cc7ee42ee052b37_6817a040336e9ad6780fdd5a_CleanShot%25202025-05-04%2520at%252019.13.07%25402x.png,,Explora un nuevo reto de programación creativa con Scratch. Aprende Scratch de forma sencilla con este tutorial paso a paso.,"<figure id="""" class=""w-richtext-figure-type-video w-richtext-align-fullwidth"" style=""max-width:100%;padding-bottom:40.723653395784545%;width:100%"" data-rt-type=""video"" data-rt-align=""fullwidth"" data-rt-max-width=""100%"" data-rt-max-height=""40.723653395784545%"" data-rt-dimensions=""854:580"" data-page-url=""https://youtu.be/7MXU0jAE8ZQ""><div><iframe src=""https://www.youtube.com/embed/7MXU0jAE8ZQ"" frameborder=""0"" allowfullscreen=""""></iframe></div></figure><p id="""">Explora un nuevo reto de programación creativa con Scratch. Este curso tutorial paso a paso enseña programación creativa en Scratch para aprender conceptos básicos y divertirse creando.</p>",javier-gonzalez,clases-paso-a-paso,,,,https://www.youtube.com/watch?v=7MXU0jAE8ZQ,Accede a nuestro video en Youtube,false
31 - Domina Scratch: Al hacer click en este objeto,31-domina-scratch-domina-scratch-31-al-hacer-click-en-este-objeto-e73353,6813f282d42f347ad12bbe5e,6813f282d42f347ad12bbdf8,681a5121ea5af3d4ace5c353,false,false,Tue May 06 2025 18:12:49 GMT+0000 (Coordinated Universal Time),Wed May 07 2025 09:57:34 GMT+0000 (Coordinated Universal Time),Wed May 07 2025 09:57:34 GMT+0000 (Coordinated Universal Time),https://cdn.prod.website-files.com/6813f282d42f347ad12bbe1a/681a50cd0cc7ee42ee052b37_6817a040336e9ad6780fdd5a_CleanShot%25202025-05-04%2520at%252019.13.07%25402x.png,,Explora un nuevo reto de programación creativa con Scratch. Aprende Scratch de forma sencilla con este tutorial paso a paso.,"<figure id="""" class=""w-richtext-figure-type-video w-richtext-align-fullwidth"" style=""max-width:100%;padding-bottom:40.723653395784545%;width:100%"" data-rt-type=""video"" data-rt-align=""fullwidth"" data-rt-max-width=""100%"" data-rt-max-height=""40.723653395784545%"" data-rt-dimensions=""854:580"" data-page-url=""https://youtu.be/9-8gOwJ83ao""><div><iframe src=""https://www.youtube.com/embed/9-8gOwJ83ao"" frameborder=""0"" allowfullscreen=""""></iframe></div></figure><p id="""">Explora un nuevo reto de programación creativa con Scratch. Este curso tutorial paso a paso enseña programación creativa en Scratch para aprender conceptos básicos y divertirse creando.</p>",javier-gonzalez,clases-paso-a-paso,,,,https://www.youtube.com/watch?v=9-8gOwJ83ao,Accede a nuestro video en Youtube,false
32 - Domina Scratch: Enviar y recibir mensajes,32-domina-scratch-32-enviar-y-recibir-mensajes-0d5b0e,6813f282d42f347ad12bbe5e,6813f282d42f347ad12bbdf8,681a5122a4931ddc76545ea3,false,false,Tue May 06 2025 18:12:50 GMT+0000 (Coordinated Universal Time),Wed May 07 2025 09:57:23 GMT+0000 (Coordinated Universal Time),Wed May 07 2025 09:57:23 GMT+0000 (Coordinated Universal Time),https://cdn.prod.website-files.com/6813f282d42f347ad12bbe1a/681a50cd0cc7ee42ee052b37_6817a040336e9ad6780fdd5a_CleanShot%25202025-05-04%2520at%252019.13.07%25402x.png,,Explora un nuevo reto de programación creativa con Scratch. Aprende Scratch de forma sencilla con este tutorial paso a paso.,"<figure id="""" class=""w-richtext-figure-type-video w-richtext-align-fullwidth"" style=""max-width:100%;padding-bottom:40.723653395784545%;width:100%"" data-rt-type=""video"" data-rt-align=""fullwidth"" data-rt-max-width=""100%"" data-rt-max-height=""40.723653395784545%"" data-rt-dimensions=""854:580"" data-page-url=""https://youtu.be/SpN8_dd1hXQ""><div><iframe src=""https://www.youtube.com/embed/SpN8_dd1hXQ"" frameborder=""0"" allowfullscreen=""""></iframe></div></figure><p id="""">Explora un nuevo reto de programación creativa con Scratch. Este curso tutorial paso a paso enseña programación creativa en Scratch para aprender conceptos básicos y divertirse creando.</p>",javier-gonzalez,clases-paso-a-paso,,,,https://www.youtube.com/watch?v=SpN8_dd1hXQ,Accede a nuestro video en Youtube,false
33 - Domina Scratch: ¡Corre! Aprende a hacer que tu sprite escape,33-domina-scratch-corre-aprende-a-hacer-que-tu-sprite-escape-a4f437,6813f282d42f347ad12bbe5e,6813f282d42f347ad12bbdf8,681a51205d06c51abb720d96,false,false,Tue May 06 2025 18:12:48 GMT+0000 (Coordinated Universal Time),Tue May 06 2025 18:12:48 GMT+0000 (Coordinated Universal Time),Tue May 06 2025 18:13:11 GMT+0000 (Coordinated Universal Time),https://cdn.prod.website-files.com/6813f282d42f347ad12bbe1a/681a50cd0cc7ee42ee052b37_6817a040336e9ad6780fdd5a_CleanShot%25202025-05-04%2520at%252019.13.07%25402x.png,,Domina el arte de hacer que un personaje huya del puntero en Scratch. Aprende Scratch de forma sencilla con este tutorial paso a paso.,"<figure id="""" class=""w-richtext-figure-type-video w-richtext-align-fullwidth"" style=""max-width:100%;padding-bottom:40.723653395784545%;width:100%"" data-rt-type=""video"" data-rt-align=""fullwidth"" data-rt-max-width=""100%"" data-rt-max-height=""40.723653395784545%"" data-rt-dimensions=""854:580"" data-page-url=""https://youtu.be/Il3DDYX8a7M""><div><iframe src=""https://www.youtube.com/embed/Il3DDYX8a7M"" frameborder=""0"" allowfullscreen=""""></iframe></div></figure><p id="""">Domina el arte de hacer que un personaje huya del puntero en Scratch. Este curso tutorial paso a paso enseña programación creativa en Scratch para aprender conceptos básicos y divertirse creando.</p>",javier-gonzalez,clases-paso-a-paso,,,,https://www.youtube.com/watch?v=Yx5FZmznQcc,Accede a nuestro video en Youtube,false
34 - Domina Scratch: Mover con flechas de teclado método sencillo,34-domina-scratch-domina-scratch-34-mover-con-felchas-de-teclado-metodo-sencillo-dd5224,6813f282d42f347ad12bbe5e,6813f282d42f347ad12bbdf8,681a5123620b39dbc9ff56e9,false,false,Tue May 06 2025 18:12:51 GMT+0000 (Coordinated Universal Time),Wed May 07 2025 09:55:24 GMT+0000 (Coordinated Universal Time),Wed May 07 2025 09:55:24 GMT+0000 (Coordinated Universal Time),https://cdn.prod.website-files.com/6813f282d42f347ad12bbe1a/681a50cd0cc7ee42ee052b37_6817a040336e9ad6780fdd5a_CleanShot%25202025-05-04%2520at%252019.13.07%25402x.png,,Explora un nuevo reto de programación creativa con Scratch. Aprende Scratch de forma sencilla con este tutorial paso a paso.,"<figure id="""" class=""w-richtext-figure-type-video w-richtext-align-fullwidth"" style=""max-width:100%;padding-bottom:40.723653395784545%;width:100%"" data-rt-type=""video"" data-rt-align=""fullwidth"" data-rt-max-width=""100%"" data-rt-max-height=""40.723653395784545%"" data-rt-dimensions=""854:580"" data-page-url=""https://youtu.be/bvN_VnkWnlw""><div><iframe src=""https://www.youtube.com/embed/bvN_VnkWnlw"" frameborder=""0"" allowfullscreen=""""></iframe></div></figure><p id="""">Explora un nuevo reto de programación creativa con Scratch. Este curso tutorial paso a paso enseña programación creativa en Scratch para aprender conceptos básicos y divertirse creando.</p>",javier-gonzalez,clases-paso-a-paso,,,,https://www.youtube.com/watch?v=bvN_VnkWnlw,Accede a nuestro video en Youtube,false
35 - Domina Scratch: Mover con flechas de teclado método complejo,35-domina-scratch-domina-scratch-35-mover-con-flechas-de-teclado-metodo-complejo-9e13ae,6813f282d42f347ad12bbe5e,6813f282d42f347ad12bbdf8,681a51233c6b4a6391bd0ba1,false,false,Tue May 06 2025 18:12:51 GMT+0000 (Coordinated Universal Time),Wed May 07 2025 09:55:18 GMT+0000 (Coordinated Universal Time),Wed May 07 2025 09:55:18 GMT+0000 (Coordinated Universal Time),https://cdn.prod.website-files.com/6813f282d42f347ad12bbe1a/681a50cd0cc7ee42ee052b37_6817a040336e9ad6780fdd5a_CleanShot%25202025-05-04%2520at%252019.13.07%25402x.png,,Explora un nuevo reto de programación creativa con Scratch. Aprende Scratch de forma sencilla con este tutorial paso a paso.,"<figure id="""" class=""w-richtext-figure-type-video w-richtext-align-fullwidth"" style=""max-width:100%;padding-bottom:40.723653395784545%;width:100%"" data-rt-type=""video"" data-rt-align=""fullwidth"" data-rt-max-width=""100%"" data-rt-max-height=""40.723653395784545%"" data-rt-dimensions=""854:580"" data-page-url=""https://youtu.be/hACcewr7Wyw""><div><iframe src=""https://www.youtube.com/embed/hACcewr7Wyw"" frameborder=""0"" allowfullscreen=""""></iframe></div></figure><p id="""">Explora un nuevo reto de programación creativa con Scratch. Este curso tutorial paso a paso enseña programación creativa en Scratch para aprender conceptos básicos y divertirse creando.</p>",javier-gonzalez,clases-paso-a-paso,,,,https://www.youtube.com/watch?v=hACcewr7Wyw,Accede a nuestro video en Youtube,false
36 - Domina Scratch: Número aleatorio,36-domina-scratch-domina-scratch-36-numero-aleatorio-f04b77,6813f282d42f347ad12bbe5e,6813f282d42f347ad12bbdf8,681a5124af2da436646f4a30,false,false,Tue May 06 2025 18:12:52 GMT+0000 (Coordinated Universal Time),Wed May 07 2025 09:54:47 GMT+0000 (Coordinated Universal Time),Wed May 07 2025 09:54:47 GMT+0000 (Coordinated Universal Time),https://cdn.prod.website-files.com/6813f282d42f347ad12bbe1a/681a50cd0cc7ee42ee052b37_6817a040336e9ad6780fdd5a_CleanShot%25202025-05-04%2520at%252019.13.07%25402x.png,,Explora un nuevo reto de programación creativa con Scratch. Aprende Scratch de forma sencilla con este tutorial paso a paso.,"<figure id="""" class=""w-richtext-figure-type-video w-richtext-align-fullwidth"" style=""max-width:100%;padding-bottom:40.723653395784545%;width:100%"" data-rt-type=""video"" data-rt-align=""fullwidth"" data-rt-max-width=""100%"" data-rt-max-height=""40.723653395784545%"" data-rt-dimensions=""854:580"" data-page-url=""https://youtu.be/scMcimvxXtI""><div><iframe src=""https://www.youtube.com/embed/scMcimvxXtI"" frameborder=""0"" allowfullscreen=""""></iframe></div></figure><p id="""">Explora un nuevo reto de programación creativa con Scratch. Este curso tutorial paso a paso enseña programación creativa en Scratch para aprender conceptos básicos y divertirse creando.</p>",javier-gonzalez,clases-paso-a-paso,,,,https://www.youtube.com/watch?v=scMcimvxXtI,Accede a nuestro video en Youtube,false
37 - Domina Scratch: Juego - Púlsame bueno,37-domina-scratch-domina-scratch-37-juego-pulsame-bueno-e0f90c,6813f282d42f347ad12bbe5e,6813f282d42f347ad12bbdf8,681a5124e9e07c0a74229e5c,false,false,Tue May 06 2025 18:12:52 GMT+0000 (Coordinated Universal Time),Wed May 07 2025 09:54:41 GMT+0000 (Coordinated Universal Time),Wed May 07 2025 09:54:41 GMT+0000 (Coordinated Universal Time),https://cdn.prod.website-files.com/6813f282d42f347ad12bbe1a/681a50cd0cc7ee42ee052b37_6817a040336e9ad6780fdd5a_CleanShot%25202025-05-04%2520at%252019.13.07%25402x.png,,Explora un nuevo reto de programación creativa con Scratch. Aprende Scratch de forma sencilla con este tutorial paso a paso.,"<figure id="""" class=""w-richtext-figure-type-video w-richtext-align-fullwidth"" style=""max-width:100%;padding-bottom:40.723653395784545%;width:100%"" data-rt-type=""video"" data-rt-align=""fullwidth"" data-rt-max-width=""100%"" data-rt-max-height=""40.723653395784545%"" data-rt-dimensions=""854:580"" data-page-url=""https://youtu.be/nPtSNNFlOxk""><div><iframe src=""https://www.youtube.com/embed/nPtSNNFlOxk"" frameborder=""0"" allowfullscreen=""""></iframe></div></figure><p id="""">Explora un nuevo reto de programación creativa con Scratch. Este curso tutorial paso a paso enseña programación creativa en Scratch para aprender conceptos básicos y divertirse creando.</p>",javier-gonzalez,clases-paso-a-paso,,,,https://www.youtube.com/watch?v=nPtSNNFlOxk,Accede a nuestro video en Youtube,false
38 - Domina Scratch: Carrera de animales,38-domina-scratch-domina-scratch-38-carrera-de-animales-5832b4,6813f282d42f347ad12bbe5e,6813f282d42f347ad12bbdf8,681a512499a47dd8a0ac2256,false,false,Tue May 06 2025 18:12:52 GMT+0000 (Coordinated Universal Time),Wed May 07 2025 09:54:34 GMT+0000 (Coordinated Universal Time),Wed May 07 2025 09:54:34 GMT+0000 (Coordinated Universal Time),https://cdn.prod.website-files.com/6813f282d42f347ad12bbe1a/681a50cd0cc7ee42ee052b37_6817a040336e9ad6780fdd5a_CleanShot%25202025-05-04%2520at%252019.13.07%25402x.png,,Explora un nuevo reto de programación creativa con Scratch. Aprende Scratch de forma sencilla con este tutorial paso a paso.,"<figure id="""" class=""w-richtext-figure-type-video w-richtext-align-fullwidth"" style=""max-width:100%;padding-bottom:40.723653395784545%;width:100%"" data-rt-type=""video"" data-rt-align=""fullwidth"" data-rt-max-width=""100%"" data-rt-max-height=""40.723653395784545%"" data-rt-dimensions=""854:580"" data-page-url=""https://youtu.be/TDXjOnRoCpE""><div><iframe src=""https://www.youtube.com/embed/TDXjOnRoCpE"" frameborder=""0"" allowfullscreen=""""></iframe></div></figure><p id="""">Explora un nuevo reto de programación creativa con Scratch. Este curso tutorial paso a paso enseña programación creativa en Scratch para aprender conceptos básicos y divertirse creando.</p>",javier-gonzalez,clases-paso-a-paso,,,,https://www.youtube.com/watch?v=TDXjOnRoCpE,Accede a nuestro video en Youtube,false
39 - Domina Scratch: Mi nombre,39-domina-scratch-domina-scratch-39-mi-nombre-d4cfb8,6813f282d42f347ad12bbe5e,6813f282d42f347ad12bbdf8,681a5124f8dbe546c60aa999,false,true,Tue May 06 2025 18:12:52 GMT+0000 (Coordinated Universal Time),Tue May 06 2025 18:33:49 GMT+0000 (Coordinated Universal Time),,https://cdn.prod.website-files.com/6813f282d42f347ad12bbe1a/681a50cd0cc7ee42ee052b37_6817a040336e9ad6780fdd5a_CleanShot%25202025-05-04%2520at%252019.13.07%25402x.png,,Explora un nuevo reto de programación creativa con Scratch. Aprende Scratch de forma sencilla con este tutorial paso a paso.,"<figure id="""" class=""w-richtext-figure-type-video w-richtext-align-fullwidth"" style=""max-width:100%;padding-bottom:40.723653395784545%;width:100%"" data-rt-type=""video"" data-rt-align=""fullwidth"" data-rt-max-width=""100%"" data-rt-max-height=""40.723653395784545%"" data-rt-dimensions=""854:580"" data-page-url=""https://youtu.be/AfTopOiIxY8""><div><iframe src=""https://www.youtube.com/embed/AfTopOiIxY8"" frameborder=""0"" allowfullscreen=""""></iframe></div></figure><p id="""">Explora un nuevo reto de programación creativa con Scratch. Este curso tutorial paso a paso enseña programación creativa en Scratch para aprender conceptos básicos y divertirse creando.</p>",javier-gonzalez,clases-paso-a-paso,,,,https://www.youtube.com/watch?v=AfTopOiIxY8,Accede a nuestro video en Youtube,false
40 - Domina Scratch: Juego - Pelotas que rebotan,40-domina-scratch-domina-scratch-40-juego-pelotas-que-rebotan-c85e25,6813f282d42f347ad12bbe5e,6813f282d42f347ad12bbdf8,681a51258189efd01e0319f6,false,false,Tue May 06 2025 18:12:53 GMT+0000 (Coordinated Universal Time),Wed May 07 2025 09:54:20 GMT+0000 (Coordinated Universal Time),Wed May 07 2025 09:54:20 GMT+0000 (Coordinated Universal Time),https://cdn.prod.website-files.com/6813f282d42f347ad12bbe1a/681a50cd0cc7ee42ee052b37_6817a040336e9ad6780fdd5a_CleanShot%25202025-05-04%2520at%252019.13.07%25402x.png,,Explora un nuevo reto de programación creativa con Scratch. Aprende Scratch de forma sencilla con este tutorial paso a paso.,"<figure id="""" class=""w-richtext-figure-type-video w-richtext-align-fullwidth"" style=""max-width:100%;padding-bottom:40.723653395784545%;width:100%"" data-rt-type=""video"" data-rt-align=""fullwidth"" data-rt-max-width=""100%"" data-rt-max-height=""40.723653395784545%"" data-rt-dimensions=""854:580"" data-page-url=""https://youtu.be/hUFpzKHyrvo""><div><iframe src=""https://www.youtube.com/embed/hUFpzKHyrvo"" frameborder=""0"" allowfullscreen=""""></iframe></div></figure><p id="""">Explora un nuevo reto de programación creativa con Scratch. Este curso tutorial paso a paso enseña programación creativa en Scratch para aprender conceptos básicos y divertirse creando.</p>",javier-gonzalez,clases-paso-a-paso,,,,https://www.youtube.com/watch?v=hUFpzKHyrvo,Accede a nuestro video en Youtube,false
41 - Domina Scratch: Aparece y desaparece,41-domina-scratch-domina-scratch-41-aparece-y-desaparece-9f7ca7,6813f282d42f347ad12bbe5e,6813f282d42f347ad12bbdf8,681a512619a15597d6d70712,false,false,Tue May 06 2025 18:12:54 GMT+0000 (Coordinated Universal Time),Wed May 07 2025 09:54:13 GMT+0000 (Coordinated Universal Time),Wed May 07 2025 09:54:13 GMT+0000 (Coordinated Universal Time),https://cdn.prod.website-files.com/6813f282d42f347ad12bbe1a/681a50cd0cc7ee42ee052b37_6817a040336e9ad6780fdd5a_CleanShot%25202025-05-04%2520at%252019.13.07%25402x.png,,Explora un nuevo reto de programación creativa con Scratch. Aprende Scratch de forma sencilla con este tutorial paso a paso.,"<figure id="""" class=""w-richtext-figure-type-video w-richtext-align-fullwidth"" style=""max-width:100%;padding-bottom:40.723653395784545%;width:100%"" data-rt-type=""video"" data-rt-align=""fullwidth"" data-rt-max-width=""100%"" data-rt-max-height=""40.723653395784545%"" data-rt-dimensions=""854:580"" data-page-url=""https://youtu.be/2OkCn-KB9Fs""><div><iframe src=""https://www.youtube.com/embed/2OkCn-KB9Fs"" frameborder=""0"" allowfullscreen=""""></iframe></div></figure><p id="""">Explora un nuevo reto de programación creativa con Scratch. Este curso tutorial paso a paso enseña programación creativa en Scratch para aprender conceptos básicos y divertirse creando.</p>",javier-gonzalez,clases-paso-a-paso,,,,https://www.youtube.com/watch?v=2OkCn-KB9Fs,Accede a nuestro video en Youtube,false
42 - Domina Scratch: Historia de ejemplo,42-domina-scratch-domina-scratch-42-historia-eaee37,6813f282d42f347ad12bbe5e,6813f282d42f347ad12bbdf8,681a5125c72202dbf018718b,false,false,Tue May 06 2025 18:12:53 GMT+0000 (Coordinated Universal Time),Wed May 07 2025 09:54:28 GMT+0000 (Coordinated Universal Time),Wed May 07 2025 09:54:28 GMT+0000 (Coordinated Universal Time),https://cdn.prod.website-files.com/6813f282d42f347ad12bbe1a/681a50cd0cc7ee42ee052b37_6817a040336e9ad6780fdd5a_CleanShot%25202025-05-04%2520at%252019.13.07%25402x.png,,Explora un nuevo reto de programación creativa con Scratch. Aprende Scratch de forma sencilla con este tutorial paso a paso.,"<figure id="""" class=""w-richtext-figure-type-video w-richtext-align-fullwidth"" style=""max-width:100%;padding-bottom:40.723653395784545%;width:100%"" data-rt-type=""video"" data-rt-align=""fullwidth"" data-rt-max-width=""100%"" data-rt-max-height=""40.723653395784545%"" data-rt-dimensions=""854:580"" data-page-url=""https://youtu.be/hObmY0AkCMs""><div><iframe src=""https://www.youtube.com/embed/hObmY0AkCMs"" frameborder=""0"" allowfullscreen=""""></iframe></div></figure><p id="""">Explora un nuevo reto de programación creativa con Scratch. Este curso tutorial paso a paso enseña programación creativa en Scratch para aprender conceptos básicos y divertirse creando.</p>",javier-gonzalez,clases-paso-a-paso,,,,https://www.youtube.com/watch?v=hObmY0AkCMs,Accede a nuestro video en Youtube,false
Taller del Primer ciclo de Expoinnova,taller-del-primer-ciclo-de-expoinnova-501a3c,6813f282d42f347ad12bbe5e,6813f282d42f347ad12bbdf8,681a5117356aa850d68ed985,false,false,Tue May 06 2025 18:12:39 GMT+0000 (Coordinated Universal Time),Tue May 06 2025 18:19:33 GMT+0000 (Coordinated Universal Time),Tue May 06 2025 18:19:33 GMT+0000 (Coordinated Universal Time),https://cdn.prod.website-files.com/6813f282d42f347ad12bbe1a/681a50ccdd10bae69f1f74ba_6817bd8816bb926081657b0e_CleanShot%25202025-05-04%2520at%252021.18.20%25402x.png,,,"<p>Este es el taller para los alumnos del primer ciclo de Expo Innova</p><figure id="""" class=""w-richtext-figure-type-video w-richtext-align-fullwidth"" style=""padding-bottom:56.206088992974244%"" data-rt-type=""video"" data-rt-align=""fullwidth"" data-rt-max-width="""" data-rt-max-height=""56.206088992974244%"" data-rt-dimensions=""854:580"" data-page-url=""https://youtu.be/cbigY9fxfdU""><div id=""""><iframe allowfullscreen=""true"" frameborder=""0"" scrolling=""no"" src=""https://www.youtube.com/embed/cbigY9fxfdU""></iframe></div></figure>",javier-gonzalez,talleres,scratch,,,https://youtu.be/cbigY9fxfdU,Accede a nuestro video en Youtube,false
Taller del Segundo ciclo de Expoinnova,taller-del-segundo-ciclo-de-expoinnova-88b5b7,6813f282d42f347ad12bbe5e,6813f282d42f347ad12bbdf8,681a511712ba31047e5d6134,false,false,Tue May 06 2025 18:12:39 GMT+0000 (Coordinated Universal Time),Tue May 06 2025 18:19:07 GMT+0000 (Coordinated Universal Time),Tue May 06 2025 18:19:07 GMT+0000 (Coordinated Universal Time),https://cdn.prod.website-files.com/6813f282d42f347ad12bbe1a/681a50ccff180fdff0c5cdf5_6817be433edba4f99a0c4632_CleanShot%25202025-05-04%2520at%252021.20.31%25402x.png,,,"<p id="""">Este es el taller para los alumnos del segundo ciclo en el evento Expo Innova</p><p>‍</p><figure id="""" class=""w-richtext-figure-type-video w-richtext-align-fullwidth"" style=""padding-bottom:40.723653395784545%"" data-rt-type=""video"" data-rt-align=""fullwidth"" data-rt-max-width="""" data-rt-max-height=""40.723653395784545%"" data-rt-dimensions=""854:580"" data-page-url=""https://youtu.be/NyuAHwg_g-U""><div id=""""><iframe allowfullscreen=""true"" frameborder=""0"" scrolling=""no"" src=""https://www.youtube.com/embed/NyuAHwg_g-U""></iframe></div></figure>",javier-gonzalez,talleres,scratch,,,https://youtu.be/cbigY9fxfdU,Accede a nuestro video en Youtube,false
Taller del Tercer ciclo de Expoinnova,taller-del-tercer-ciclo-de-expoinnova-8743e4,6813f282d42f347ad12bbe5e,6813f282d42f347ad12bbdf8,681a5118f154ff9fcf7cafb1,false,false,Tue May 06 2025 18:12:40 GMT+0000 (Coordinated Universal Time),Tue May 06 2025 18:18:37 GMT+0000 (Coordinated Universal Time),Tue May 06 2025 18:25:21 GMT+0000 (Coordinated Universal Time),https://cdn.prod.website-files.com/6813f282d42f347ad12bbe1a/681a50cc9ea7c3d114a117de_6817c19e38697d8a1f41f288_CleanShot%25202025-05-04%2520at%252021.35.47%25402x.png,,,"<p>Este es el taller para los alumnos de tercer ciclo en el evento Expo Innova</p><p>‍</p><figure id="""" class=""w-richtext-figure-type-video w-richtext-align-fullwidth"" style=""padding-bottom:56.206088992974244%"" data-rt-type=""video"" data-rt-align=""fullwidth"" data-rt-max-width="""" data-rt-max-height=""56.206088992974244%"" data-rt-dimensions=""854:480"" data-page-url=""https://youtu.be/HKEt54BVWTQ""><div id=""""><iframe allowfullscreen=""true"" frameborder=""0"" scrolling=""no"" src=""https://www.youtube.com/embed/HKEt54BVWTQ"" title=""3er ciclo Expoinnova""></iframe></div></figure>",javier-gonzalez,talleres,scratch,,,https://youtu.be/cbigY9fxfdU,Accede a nuestro video en Youtube,false
